,1,2,3,4,5,6,7,8,9,10,11,12,13,14,15,16,17,18,19,20,21,22,23,24
1,0:00.50,30:05.531,30:05.481, , ,0:00.0,0:00.50,30:05.531,30:05.481, , ,0:00.0, , ,0:00.0, , ,0:00.0, , ,0:00.0, , ,0:00.0
2,0:00.19,1:52.786,29:58.897,1:52.786,1:56.472,0:04.669,1:57.17,5:19.789,5:15.539,1:52.786,1:56.472,0:04.669, , ,0:00.0, , ,0:00.0,5:21.506,30:04.864,24:43.358, , ,0:00.0
3,1:57.17,5:19.789,29:58.897,5:19.789,5:20.772,0:04.669,0:00.19,1:52.786,5:15.539,5:19.789,5:20.772,0:04.669, , ,0:00.0, , ,0:00.0, , ,24:43.358, , ,0:00.0
4,5:21.506,30:04.864,29:58.897, , ,0:04.669, , ,5:15.539, , ,0:04.669, , ,0:00.0, , ,0:00.0, , ,24:43.358, , ,0:00.0
5,0:00.58,18:09.783,21:59.322,18:09.783,18:18.436,8:04.622,27:32.858,30:05.208,3:00.153,19:08.242,21:40.608,7:55.969,0:00.58,18:09.783,18:09.725,18:09.783,18:18.436,0:08.653,18:18.797,19:08.242,0:49.444, , ,0:00.0
6,18:18.797,19:08.242,21:59.322,19:08.242,21:40.608,8:04.622,21:41.44,22:08.847,3:00.153,22:08.847,27:32.450,7:55.969, , ,18:09.725, , ,0:08.653, , ,0:49.444, , ,0:00.0
7,21:41.44,22:08.847,21:59.322,22:08.847,27:32.450,8:04.622, , ,3:00.153, , ,7:55.969, , ,18:09.725, , ,0:08.653, , ,0:49.444, , ,0:00.0
8,27:32.858,30:05.208,21:59.322, , ,8:04.622, , ,3:00.153, , ,7:55.969, , ,18:09.725, , ,0:08.653, , ,0:49.444, , ,0:00.0
9,0:00.186,1:25.386,21:15.353,1:25.386,1:26.961,8:32.200,10:26.606,10:34.211,14:36.536,5:09.328,5:12.667,6:13.300,19:27.731,19:44.258,0:37.664,17:53.439,18:24.928,0:53.722,14:32.64,14:35.936,6:01.153,27:33.967,27:41.431,1:25.178
10,1:27.267,4:06.522,21:15.353,4:06.522,4:33.947,8:32.200,25:08.36,26:01.250,14:36.536,26:58.750,27:01.731,6:13.300,21:09.308,21:11.750,0:37.664,19:20.281,19:27.197,0:53.722,9:19.142,9:44.6,6:01.153,10:34.211,11:00.478,1:25.178
11,4:34.469,4:44.878,21:15.353,4:44.878,4:56.286,8:32.200,17:13.908,17:16.89,14:36.536,1:25.386,1:26.961,6:13.300,18:51.181,19:08.250,0:37.664,17:44.594,17:50.931,0:53.722,21:00.150,21:03.703,6:01.153,9:12.92,9:18.781,1:25.178
12,4:56.783,5:09.328,21:15.353,5:09.328,5:12.667,8:32.200,4:56.783,5:09.328,14:36.536,19:08.250,19:09.781,6:13.300,28:20.186,28:21.811,0:37.664,28:39.264,28:41.761,0:53.722,25:00.650,25:05.494,6:01.153,4:44.878,4:56.286,1:25.178
13,5:13.228,5:42.356,21:15.353,5:42.356,5:45.0,8:32.200,29:22.697,30:04.833,14:36.536,20:52.625,20:59.644,6:13.300, , ,0:37.664,18:28.317,18:29.419,0:53.722,22:38.794,23:49.544,6:01.153,21:03.703,21:08.931,1:25.178
14,5:45.533,9:12.92,21:15.353,9:12.92,9:18.781,8:32.200,16:51.772,16:55.831,14:36.536,21:11.750,21:25.706,6:13.300, , ,0:37.664,29:05.742,29:07.850,0:53.722,21:26.189,21:30.333,6:01.153,22:31.847,22:38.539,1:25.178
15,9:19.142,9:44.6,21:15.353,9:44.6,9:49.111,8:32.200,5:45.533,9:12.92,14:36.536,11:08.439,11:23.497,6:13.300, , ,0:37.664,5:42.356,5:45.0,0:53.722,1:27.267,4:06.522,6:01.153,28:03.608,28:19.850,1:25.178
16,9:49.481,10:25.642,21:15.353,10:25.642,10:26.269,8:32.200,12:44.292,12:51.711,14:36.536,16:55.831,17:13.511,6:13.300, , ,0:37.664,10:25.642,10:26.269,0:53.722,21:53.517,22:09.244,6:01.153,21:30.333,21:35.522,1:25.178
17,10:26.606,10:34.211,21:15.353,10:34.211,11:00.478,8:32.200,18:30.11,18:45.58,14:36.536,19:44.258,19:53.186,6:13.300, , ,0:37.664, , ,0:53.722,17:51.231,17:53.439,6:01.153, , ,1:25.178
18,11:00.958,11:08.439,21:15.353,11:08.439,11:23.497,8:32.200,28:42.97,29:05.742,14:36.536,20:04.319,20:05.489,6:13.300, , ,0:37.664, , ,0:53.722,27:01.942,27:25.797,6:01.153, , ,1:25.178
19,11:23.958,11:31.333,21:15.353,11:31.333,12:43.711,8:32.200,29:08.167,29:20.989,14:36.536,17:16.89,17:44.42,6:13.300, , ,0:37.664, , ,0:53.722,27:41.678,28:03.608,6:01.153, , ,1:25.178
20,12:44.292,12:51.711,21:15.353,12:51.711,14:07.814,8:32.200,19:53.489,20:04.319,14:36.536,22:09.244,22:10.331,6:13.300, , ,0:37.664, , ,0:53.722,18:25.133,18:28.317,6:01.153, , ,1:25.178
21,14:08.236,14:14.856,21:15.353,14:14.856,14:31.883,8:32.200,9:49.481,10:25.642,14:36.536,4:06.522,4:33.947,6:13.300, , ,0:37.664, , ,0:53.722,21:35.911,21:52.256,6:01.153, , ,1:25.178
22,14:32.64,14:35.936,21:15.353,14:35.936,14:36.403,8:32.200,17:44.406,17:44.594,14:36.536,9:44.6,9:49.111,6:13.300, , ,0:37.664, , ,0:53.722,14:08.236,14:14.856,6:01.153, , ,1:25.178
23,14:36.847,16:17.753,21:15.353,16:17.753,16:51.242,8:32.200,14:36.847,16:17.753,14:36.536,14:35.936,14:36.403,6:13.300, , ,0:37.664, , ,0:53.722, , ,6:01.153, , ,1:25.178
24,16:51.772,16:55.831,21:15.353,16:55.831,17:13.511,8:32.200,22:10.411,22:31.847,14:36.536,29:20.989,29:22.169,6:13.300, , ,0:37.664, , ,0:53.722, , ,6:01.153, , ,1:25.178
25,17:13.908,17:16.89,21:15.353,17:16.89,17:44.42,8:32.200,11:23.958,11:31.333,14:36.536,12:51.711,14:07.814,6:13.300, , ,0:37.664, , ,0:53.722, , ,6:01.153, , ,1:25.178
26,17:44.406,17:44.594,21:15.353,17:44.594,17:50.931,8:32.200,28:34.778,28:39.264,14:36.536,21:52.256,21:53.411,6:13.300, , ,0:37.664, , ,0:53.722, , ,6:01.153, , ,1:25.178
27,17:51.231,17:53.439,21:15.353,17:53.439,18:24.928,8:32.200,5:13.228,5:42.356,14:36.536,27:25.797,27:32.894,6:13.300, , ,0:37.664, , ,0:53.722, , ,6:01.153, , ,1:25.178
28,18:25.133,18:28.317,21:15.353,18:28.317,18:29.419,8:32.200,20:05.556,20:52.625,14:36.536,28:21.811,28:34.433,6:13.300, , ,0:37.664, , ,0:53.722, , ,6:01.153, , ,1:25.178
29,18:30.11,18:45.58,21:15.353,18:45.58,18:50.656,8:32.200,19:10.39,19:20.281,14:36.536,23:49.544,23:52.892,6:13.300, , ,0:37.664, , ,0:53.722, , ,6:01.153, , ,1:25.178
30,18:51.181,19:08.250,21:15.353,19:08.250,19:09.781,8:32.200,0:00.186,1:25.386,14:36.536,25:05.494,25:07.550,6:13.300, , ,0:37.664, , ,0:53.722, , ,6:01.153, , ,1:25.178
31,19:10.39,19:20.281,21:15.353,19:20.281,19:27.197,8:32.200,26:06.869,26:58.750,14:36.536,24:59.617,25:00.306,6:13.300, , ,0:37.664, , ,0:53.722, , ,6:01.153, , ,1:25.178
32,19:27.731,19:44.258,21:15.353,19:44.258,19:53.186,8:32.200,11:00.958,11:08.439,14:36.536,18:45.58,18:50.656,6:13.300, , ,0:37.664, , ,0:53.722, , ,6:01.153, , ,1:25.178
33,19:53.489,20:04.319,21:15.353,20:04.319,20:05.489,8:32.200,4:34.469,4:44.878,14:36.536,26:01.250,26:06.536,6:13.300, , ,0:37.664, , ,0:53.722, , ,6:01.153, , ,1:25.178
34,20:05.556,20:52.625,21:15.353,20:52.625,20:59.644,8:32.200,23:53.103,24:59.617,14:36.536,16:17.753,16:51.242,6:13.300, , ,0:37.664, , ,0:53.722, , ,6:01.153, , ,1:25.178
35,21:00.150,21:03.703,21:15.353,21:03.703,21:08.931,8:32.200, , ,14:36.536,11:31.333,12:43.711,6:13.300, , ,0:37.664, , ,0:53.722, , ,6:01.153, , ,1:25.178
36,21:09.308,21:11.750,21:15.353,21:11.750,21:25.706,8:32.200, , ,14:36.536,14:14.856,14:31.883,6:13.300, , ,0:37.664, , ,0:53.722, , ,6:01.153, , ,1:25.178
37,21:26.189,21:30.333,21:15.353,21:30.333,21:35.522,8:32.200, , ,14:36.536, , ,6:13.300, , ,0:37.664, , ,0:53.722, , ,6:01.153, , ,1:25.178
38,21:35.911,21:52.256,21:15.353,21:52.256,21:53.411,8:32.200, , ,14:36.536, , ,6:13.300, , ,0:37.664, , ,0:53.722, , ,6:01.153, , ,1:25.178
39,21:53.517,22:09.244,21:15.353,22:09.244,22:10.331,8:32.200, , ,14:36.536, , ,6:13.300, , ,0:37.664, , ,0:53.722, , ,6:01.153, , ,1:25.178
40,22:10.411,22:31.847,21:15.353,22:31.847,22:38.539,8:32.200, , ,14:36.536, , ,6:13.300, , ,0:37.664, , ,0:53.722, , ,6:01.153, , ,1:25.178
41,22:38.794,23:49.544,21:15.353,23:49.544,23:52.892,8:32.200, , ,14:36.536, , ,6:13.300, , ,0:37.664, , ,0:53.722, , ,6:01.153, , ,1:25.178
42,23:53.103,24:59.617,21:15.353,24:59.617,25:00.306,8:32.200, , ,14:36.536, , ,6:13.300, , ,0:37.664, , ,0:53.722, , ,6:01.153, , ,1:25.178
43,25:00.650,25:05.494,21:15.353,25:05.494,25:07.550,8:32.200, , ,14:36.536, , ,6:13.300, , ,0:37.664, , ,0:53.722, , ,6:01.153, , ,1:25.178
44,25:08.36,26:01.250,21:15.353,26:01.250,26:06.536,8:32.200, , ,14:36.536, , ,6:13.300, , ,0:37.664, , ,0:53.722, , ,6:01.153, , ,1:25.178
45,26:06.869,26:58.750,21:15.353,26:58.750,27:01.731,8:32.200, , ,14:36.536, , ,6:13.300, , ,0:37.664, , ,0:53.722, , ,6:01.153, , ,1:25.178
46,27:01.942,27:25.797,21:15.353,27:25.797,27:32.894,8:32.200, , ,14:36.536, , ,6:13.300, , ,0:37.664, , ,0:53.722, , ,6:01.153, , ,1:25.178
47,27:41.678,28:03.608,21:15.353,27:33.967,27:41.431,8:32.200, , ,14:36.536, , ,6:13.300, , ,0:37.664, , ,0:53.722, , ,6:01.153, , ,1:25.178
48,28:20.186,28:21.811,21:15.353,28:03.608,28:19.850,8:32.200, , ,14:36.536, , ,6:13.300, , ,0:37.664, , ,0:53.722, , ,6:01.153, , ,1:25.178
49,28:34.778,28:39.264,21:15.353,28:21.811,28:34.433,8:32.200, , ,14:36.536, , ,6:13.300, , ,0:37.664, , ,0:53.722, , ,6:01.153, , ,1:25.178
50,28:42.97,29:05.742,21:15.353,28:39.264,28:41.761,8:32.200, , ,14:36.536, , ,6:13.300, , ,0:37.664, , ,0:53.722, , ,6:01.153, , ,1:25.178
51,29:08.167,29:20.989,21:15.353,29:05.742,29:07.850,8:32.200, , ,14:36.536, , ,6:13.300, , ,0:37.664, , ,0:53.722, , ,6:01.153, , ,1:25.178
52,29:22.697,30:04.833,21:15.353,29:20.989,29:22.169,8:32.200, , ,14:36.536, , ,6:13.300, , ,0:37.664, , ,0:53.722, , ,6:01.153, , ,1:25.178
53,0:38.661,1:02.483,16:16.594,0:00.231,0:38.206,13:40.436, , ,0:00.0,29:16.803,29:55.575,6:58.631, , ,0:00.0,10:53.714,11:56.28,4:43.717,0:38.661,1:02.483,16:16.594,16:01.514,17:21.628,1:58.89
54,1:30.742,2:36.600,16:16.594,1:02.483,1:30.139,13:40.436, , ,0:00.0,2:36.600,2:45.542,6:58.631, , ,0:00.0,1:02.483,1:30.139,4:43.717,1:30.742,2:36.600,16:16.594,0:00.231,0:38.206,1:58.89
55,2:46.25,2:56.81,16:16.594,2:36.600,2:45.542,13:40.436, , ,0:00.0,2:56.81,3:13.772,6:58.631, , ,0:00.0,12:05.797,15:19.544,4:43.717,2:46.25,2:56.81,16:16.594, , ,1:58.89
56,3:14.344,7:06.572,16:16.594,2:56.81,3:13.772,13:40.436, , ,0:00.0,7:33.553,7:37.192,6:58.631, , ,0:00.0, , ,4:43.717,3:14.344,7:06.572,16:16.594, , ,1:58.89
57,7:09.675,7:33.553,16:16.594,7:06.572,7:09.264,13:40.436, , ,0:00.0,9:53.417,10:36.619,6:58.631, , ,0:00.0, , ,4:43.717,7:09.675,7:33.553,16:16.594, , ,1:58.89
58,7:37.600,8:00.847,16:16.594,7:33.553,7:37.192,13:40.436, , ,0:00.0,8:00.847,8:29.53,6:58.631, , ,0:00.0, , ,4:43.717,7:37.600,8:00.847,16:16.594, , ,1:58.89
59,8:29.542,9:53.417,16:16.594,8:00.847,8:29.53,13:40.436, , ,0:00.0,7:06.572,7:09.264,6:58.631, , ,0:00.0, , ,4:43.717,8:29.542,9:53.417,16:16.594, , ,1:58.89
60,10:37.33,10:53.714,16:16.594,9:53.417,10:36.619,13:40.436, , ,0:00.0,23:41.8,25:58.717,6:58.631, , ,0:00.0, , ,4:43.717,10:37.33,10:53.714,16:16.594, , ,1:58.89
61,11:56.553,12:05.797,16:16.594,10:53.714,11:56.28,13:40.436, , ,0:00.0,26:50.236,28:17.194,6:58.631, , ,0:00.0, , ,4:43.717,11:56.553,12:05.797,16:16.594, , ,1:58.89
62,15:20.111,16:01.514,16:16.594,12:05.797,15:19.544,13:40.436, , ,0:00.0,18:13.742,19:04.561,6:58.631, , ,0:00.0, , ,4:43.717,15:20.111,16:01.514,16:16.594, , ,1:58.89
63,17:22.28,18:13.742,16:16.594,16:01.514,17:21.628,13:40.436, , ,0:00.0, , ,6:58.631, , ,0:00.0, , ,4:43.717,17:22.28,18:13.742,16:16.594, , ,1:58.89
64,19:05.208,23:41.8,16:16.594,18:13.742,19:04.561,13:40.436, , ,0:00.0, , ,6:58.631, , ,0:00.0, , ,4:43.717,19:05.208,23:41.8,16:16.594, , ,1:58.89
65,25:59.394,26:50.236,16:16.594,23:41.8,25:58.717,13:40.436, , ,0:00.0, , ,6:58.631, , ,0:00.0, , ,4:43.717,25:59.394,26:50.236,16:16.594, , ,1:58.89
66,28:17.675,29:16.803,16:16.594,26:50.236,28:17.194,13:40.436, , ,0:00.0, , ,6:58.631, , ,0:00.0, , ,4:43.717,28:17.675,29:16.803,16:16.594, , ,1:58.89
67,29:56.156,30:04.975,16:16.594,29:16.803,29:55.575,13:40.436, , ,0:00.0, , ,6:58.631, , ,0:00.0, , ,4:43.717,29:56.156,30:04.975,16:16.594, , ,1:58.89
68,0:00.64,0:27.567,10:29.133,0:27.567,0:29.219,19:36.956,0:29.711,2:09.183,6:48.886, , ,0:00.0,20:57.356,21:45.936,1:29.572, , ,0:00.0,15:29.369,15:34.175,2:10.675,0:27.567,0:29.219,8:57.903
69,0:29.711,2:09.183,10:29.133,2:09.183,2:16.536,19:36.956,8:20.114,8:21.978,6:48.886, , ,0:00.0,19:32.658,19:52.36,1:29.572, , ,0:00.0,12:47.861,12:52.381,2:10.675,2:09.183,2:16.536,8:57.903
70,2:17.203,2:17.444,10:29.133,2:17.444,3:37.583,19:36.956,14:26.631,14:28.411,6:48.886, , ,0:00.0,19:53.797,20:15.411,1:29.572, , ,0:00.0,18:17.403,19:17.783,2:10.675,2:17.444,3:37.583,8:57.903
71,3:38.311,4:08.658,10:29.133,4:08.658,7:30.3,19:36.956,3:38.311,4:08.658,6:48.886, , ,0:00.0, , ,1:29.572, , ,0:00.0,13:34.439,13:38.886,2:10.675,4:08.658,7:30.3,8:57.903
72,7:30.178,7:32.889,10:29.133,7:32.889,8:19.708,19:36.956,29:42.622,30:04.914,6:48.886, , ,0:00.0, , ,1:29.572, , ,0:00.0,2:17.203,2:17.444,2:10.675,7:32.889,8:19.708,8:57.903
73,8:20.114,8:21.978,10:29.133,8:21.978,11:42.572,19:36.956,11:42.858,11:46.56,6:48.886, , ,0:00.0, , ,1:29.572, , ,0:00.0,29:42.622,29:55.731,2:10.675,8:21.978,11:42.572,8:57.903
74,11:42.858,11:46.56,10:29.133,11:46.56,12:47.158,19:36.956,27:32.19,29:17.989,6:48.886, , ,0:00.0, , ,1:29.572, , ,0:00.0,17:18.94,17:33.764,2:10.675, , ,8:57.903
75,12:47.861,12:52.381,10:29.133,12:52.381,13:34.86,19:36.956,7:30.178,7:32.889,6:48.886, , ,0:00.0, , ,1:29.572, , ,0:00.0,0:00.64,0:27.567,2:10.675, , ,8:57.903
76,13:34.439,13:38.886,10:29.133,13:38.886,13:56.728,19:36.956,13:57.642,13:58.486,6:48.886, , ,0:00.0, , ,1:29.572, , ,0:00.0, , ,2:10.675, , ,8:57.903
77,13:57.642,13:58.486,10:29.133,13:58.486,14:25.792,19:36.956,15:35.500,16:57.647,6:48.886, , ,0:00.0, , ,1:29.572, , ,0:00.0, , ,2:10.675, , ,8:57.903
78,14:26.631,14:28.411,10:29.133,14:28.411,14:29.292,19:36.956,14:30.106,15:28.367,6:48.886, , ,0:00.0, , ,1:29.572, , ,0:00.0, , ,2:10.675, , ,8:57.903
79,14:30.106,15:28.367,10:29.133,15:28.367,15:28.789,19:36.956, , ,6:48.886, , ,0:00.0, , ,1:29.572, , ,0:00.0, , ,2:10.675, , ,8:57.903
80,15:29.369,15:34.175,10:29.133,15:34.175,15:34.689,19:36.956, , ,6:48.886, , ,0:00.0, , ,1:29.572, , ,0:00.0, , ,2:10.675, , ,8:57.903
81,15:35.500,16:57.647,10:29.133,16:57.647,17:17.547,19:36.956, , ,6:48.886, , ,0:00.0, , ,1:29.572, , ,0:00.0, , ,2:10.675, , ,8:57.903
82,17:18.94,17:33.764,10:29.133,17:33.764,18:17.78,19:36.956, , ,6:48.886, , ,0:00.0, , ,1:29.572, , ,0:00.0, , ,2:10.675, , ,8:57.903
83,18:17.403,19:17.783,10:29.133,19:17.783,19:31.572,19:36.956, , ,6:48.886, , ,0:00.0, , ,1:29.572, , ,0:00.0, , ,2:10.675, , ,8:57.903
84,19:32.658,19:52.36,10:29.133,19:52.36,19:53.667,19:36.956, , ,6:48.886, , ,0:00.0, , ,1:29.572, , ,0:00.0, , ,2:10.675, , ,8:57.903
85,19:53.797,20:15.411,10:29.133,20:15.411,20:56.789,19:36.956, , ,6:48.886, , ,0:00.0, , ,1:29.572, , ,0:00.0, , ,2:10.675, , ,8:57.903
86,20:57.356,21:45.936,10:29.133,21:45.936,27:31.286,19:36.956, , ,6:48.886, , ,0:00.0, , ,1:29.572, , ,0:00.0, , ,2:10.675, , ,8:57.903
87,27:32.19,29:17.989,10:29.133,29:17.989,29:41.908,19:36.956, , ,6:48.886, , ,0:00.0, , ,1:29.572, , ,0:00.0, , ,2:10.675, , ,8:57.903
88,29:42.622,29:55.731,10:29.133, , ,19:36.956, , ,6:48.886, , ,0:00.0, , ,1:29.572, , ,0:00.0, , ,2:10.675, , ,8:57.903
89,29:42.622,30:04.914,10:29.133, , ,19:36.956, , ,6:48.886, , ,0:00.0, , ,1:29.572, , ,0:00.0, , ,2:10.675, , ,8:57.903
90,0:00.50,26:11.89,29:50.983,26:11.89,26:25.131,0:14.42, , ,0:00.0,26:11.89,26:25.131,0:14.42, , ,0:00.0, , ,0:00.0,0:00.50,26:11.89,29:50.983, , ,0:00.0
91,26:25.419,30:05.364,29:50.983, , ,0:14.42, , ,0:00.0, , ,0:14.42, , ,0:00.0, , ,0:00.0,26:25.419,30:05.364,29:50.983, , ,0:00.0
92,0:00.86,2:45.419,29:44.850,2:45.419,2:48.833,0:18.319,3:08.714,19:54.31,16:45.317,2:45.419,2:48.833,0:06.603, , ,0:00.0,19:54.31,20:01.217,0:11.717,2:49.275,3:04.33,12:59.533, , ,0:00.0
93,2:49.275,3:04.33,29:44.850,3:04.33,3:08.564,0:18.319, , ,16:45.317,27:26.694,27:29.883,0:06.603, , ,0:00.0,3:04.33,3:08.564,0:11.717,20:01.775,27:26.694,12:59.533, , ,0:00.0
94,3:08.714,19:54.31,29:44.850,19:54.31,20:01.217,0:18.319, , ,16:45.317, , ,0:06.603, , ,0:00.0, , ,0:11.717,27:30.267,30:04.789,12:59.533, , ,0:00.0
95,20:01.775,27:26.694,29:44.850,27:26.694,27:29.883,0:18.319, , ,16:45.317, , ,0:06.603, , ,0:00.0, , ,0:11.717,0:00.86,2:45.419,12:59.533, , ,0:00.0
96,27:30.267,30:04.789,29:44.850, , ,0:18.319, , ,16:45.317, , ,0:06.603, , ,0:00.0, , ,0:11.717, , ,12:59.533, , ,0:00.0
97,0:00.42,11:19.275,29:09.172,11:19.275,11:34.983,0:54.78,0:00.42,11:19.275,28:03.64,13:42.792,13:44.222,0:27.700, , ,0:00.0, , ,0:00.0,11:35.161,12:41.269,1:06.108,12:41.269,13:02.314,0:26.378
98,11:35.161,12:41.269,29:09.172,12:41.269,13:02.314,0:54.78,13:38.528,13:42.792,28:03.64,13:27.453,13:38.14,0:27.700, , ,0:00.0, , ,0:00.0, , ,1:06.108,13:49.447,13:54.781,0:26.378
99,13:02.847,13:27.453,29:09.172,13:27.453,13:38.14,0:54.78,13:55.194,30:05.231,28:03.64,11:19.275,11:34.983,0:27.700, , ,0:00.0, , ,0:00.0, , ,1:06.108, , ,0:26.378
100,13:38.528,13:42.792,29:09.172,13:42.792,13:44.222,0:54.78,13:02.847,13:27.453,28:03.64, , ,0:27.700, , ,0:00.0, , ,0:00.0, , ,1:06.108, , ,0:26.378
101,13:44.522,13:49.447,29:09.172,13:49.447,13:54.781,0:54.78,13:44.522,13:49.447,28:03.64, , ,0:27.700, , ,0:00.0, , ,0:00.0, , ,1:06.108, , ,0:26.378
102,13:55.194,30:05.231,29:09.172, , ,0:54.78, , ,28:03.64, , ,0:27.700, , ,0:00.0, , ,0:00.0, , ,1:06.108, , ,0:26.378
103,0:00.61,30:05.539,30:05.478, , ,0:00.0,0:00.61,30:05.539,30:05.478, , ,0:00.0, , ,0:00.0, , ,0:00.0, , ,0:00.0, , ,0:00.0
104,0:00.58,9:30.0,39:09.933,9:30.0,9:34.847,0:12.619, , ,0:00.0,9:30.0,9:34.847,0:04.847,0:00.58,9:30.0,19:57.369,11:04.533,11:08.508,0:07.772, , ,0:00.0, , ,0:00.0
105,9:35.333,11:04.533,39:09.933,11:04.533,11:08.508,0:12.619, , ,0:00.0, , ,0:04.847,9:35.333,11:04.533,19:57.369,20:07.236,20:11.33,0:07.772, , ,0:00.0, , ,0:00.0
106,11:09.8,20:07.236,39:09.933,20:07.236,20:11.33,0:12.619, , ,0:00.0, , ,0:04.847,11:09.8,20:07.236,19:57.369, , ,0:07.772, , ,0:00.0, , ,0:00.0
107,20:11.569,29:30.750,39:09.933, , ,0:12.619, , ,0:00.0, , ,0:04.847, , ,19:57.369, , ,0:07.772, , ,0:00.0, , ,0:00.0
108,20:11.569,30:04.953,39:09.933, , ,0:12.619, , ,0:00.0, , ,0:04.847, , ,19:57.369, , ,0:07.772, , ,0:00.0, , ,0:00.0
109,0:00.122,21:28.947,29:55.789,21:28.947,21:38.203,0:09.256,21:38.467,30:05.431,29:55.789,21:28.947,21:38.203,0:09.256, , ,0:00.0, , ,0:00.0, , ,0:00.0, , ,0:00.0
110,21:38.467,30:05.431,29:55.789, , ,0:09.256,0:00.122,21:28.947,29:55.789, , ,0:09.256, , ,0:00.0, , ,0:00.0, , ,0:00.0, , ,0:00.0
111,0:00.483,16:40.344,29:38.644,16:40.344,16:43.522,0:25.47,23:26.317,30:05.436,23:43.892,23:23.822,23:25.861,0:10.967,16:43.767,22:34.256,5:50.489, , ,0:00.0,23:19.558,23:23.822,0:04.264,22:34.256,22:45.158,0:14.81
112,16:43.767,22:34.256,29:38.644,22:34.256,22:45.158,0:25.47,22:45.500,23:10.411,23:43.892,23:10.411,23:19.339,0:10.967, , ,5:50.489, , ,0:00.0, , ,0:04.264,16:40.344,16:43.522,0:14.81
113,22:45.500,23:10.411,29:38.644,23:10.411,23:19.339,0:25.47,0:00.483,16:40.344,23:43.892, , ,0:10.967, , ,5:50.489, , ,0:00.0, , ,0:04.264, , ,0:14.81
114,23:19.558,23:23.822,29:38.644,23:23.822,23:25.861,0:25.47, , ,23:43.892, , ,0:10.967, , ,5:50.489, , ,0:00.0, , ,0:04.264, , ,0:14.81
115,23:26.317,30:05.436,29:38.644, , ,0:25.47, , ,23:43.892, , ,0:10.967, , ,5:50.489, , ,0:00.0, , ,0:04.264, , ,0:14.81
116,0:00.200,11:56.997,30:12.464,11:56.997,11:57.956,0:00.958,11:58.411,30:05.350,30:03.736,11:56.997,11:57.956,0:00.958, , ,0:00.0, , ,0:00.0,11:58.411,12:07.139,0:08.728, , ,0:00.0
117,11:58.411,12:07.139,30:12.464, , ,0:00.958,0:00.200,11:56.997,30:03.736, , ,0:00.958, , ,0:00.0, , ,0:00.0, , ,0:08.728, , ,0:00.0
118,11:58.411,30:05.350,30:12.464, , ,0:00.958, , ,30:03.736, , ,0:00.958, , ,0:00.0, , ,0:00.0, , ,0:08.728, , ,0:00.0
119,0:00.36,4:20.883,29:29.47,4:20.883,4:24.306,0:34.0, , ,0:00.0,12:27.950,12:29.200,0:24.381,0:00.36,4:20.883,29:29.47, , ,0:00.0, , ,0:00.0,6:03.372,6:09.569,0:09.619
120,4:24.678,6:03.372,29:29.47,6:03.372,6:09.569,0:34.0, , ,0:00.0,26:48.972,27:05.231,0:24.381,4:24.678,6:03.372,29:29.47, , ,0:00.0, , ,0:00.0,4:20.883,4:24.306,0:09.619
121,6:09.783,12:27.950,29:29.47,12:27.950,12:29.200,0:34.0, , ,0:00.0,28:46.642,28:47.961,0:24.381,6:09.783,12:27.950,29:29.47, , ,0:00.0, , ,0:00.0, , ,0:09.619
122,12:29.386,26:48.972,29:29.47,26:48.972,27:05.231,0:34.0, , ,0:00.0,27:14.933,27:20.486,0:24.381,12:29.386,26:48.972,29:29.47, , ,0:00.0, , ,0:00.0, , ,0:09.619
123,27:05.456,27:14.933,29:29.47,27:14.933,27:20.486,0:34.0, , ,0:00.0, , ,0:24.381,27:05.456,27:14.933,29:29.47, , ,0:00.0, , ,0:00.0, , ,0:09.619
124,27:20.819,28:46.642,29:29.47,28:46.642,28:47.961,0:34.0, , ,0:00.0, , ,0:24.381,27:20.819,28:46.642,29:29.47, , ,0:00.0, , ,0:00.0, , ,0:09.619
125,28:48.386,30:04.839,29:29.47, , ,0:34.0, , ,0:00.0, , ,0:24.381,28:48.386,30:04.839,29:29.47, , ,0:00.0, , ,0:00.0, , ,0:09.619
126,0:00.89,20:06.844,29:33.586,20:06.844,20:24.247,0:30.150,20:24.867,25:33.653,29:33.586,20:06.844,20:24.247,0:30.150, , ,0:00.0, , ,0:00.0, , ,0:00.0, , ,0:00.0
127,20:24.867,25:33.653,29:33.586,25:33.653,25:46.400,0:30.150,0:00.89,20:06.844,29:33.586,25:33.653,25:46.400,0:30.150, , ,0:00.0, , ,0:00.0, , ,0:00.0, , ,0:00.0
128,25:46.922,30:04.967,29:33.586, , ,0:30.150,25:46.922,30:04.967,29:33.586, , ,0:30.150, , ,0:00.0, , ,0:00.0, , ,0:00.0, , ,0:00.0
129,0:00.100,3:32.894,29:07.614,3:32.894,4:01.753,0:54.981,4:02.200,25:45.767,23:07.664,25:45.767,25:52.217,0:14.844,25:52.589,25:53.653,0:01.64,3:32.894,4:01.753,0:36.658,29:08.839,30:05.217,5:58.886,27:33.586,27:37.64,0:03.478
130,4:02.200,25:45.767,29:07.614,25:45.767,25:52.217,0:54.981,26:09.489,27:33.586,23:07.664,29:06.381,29:08.367,0:14.844, , ,0:01.64,25:53.653,26:01.453,0:36.658,26:01.767,26:02.678,5:58.886, , ,0:03.478
131,25:52.589,25:53.653,29:07.614,25:53.653,26:01.453,0:54.981, , ,23:07.664,26:02.678,26:09.86,0:14.844, , ,0:01.64, , ,0:36.658,27:37.578,29:06.381,5:58.886, , ,0:03.478
132,26:01.767,26:02.678,29:07.614,26:02.678,26:09.86,0:54.981, , ,23:07.664, , ,0:14.844, , ,0:01.64, , ,0:36.658,0:00.100,3:32.894,5:58.886, , ,0:03.478
133,26:09.489,27:33.586,29:07.614,27:33.586,27:37.64,0:54.981, , ,23:07.664, , ,0:14.844, , ,0:01.64, , ,0:36.658, , ,5:58.886, , ,0:03.478
134,27:37.578,29:06.381,29:07.614,29:06.381,29:08.367,0:54.981, , ,23:07.664, , ,0:14.844, , ,0:01.64, , ,0:36.658, , ,5:58.886, , ,0:03.478
135,29:08.839,30:05.217,29:07.614, , ,0:54.981, , ,23:07.664, , ,0:14.844, , ,0:01.64, , ,0:36.658, , ,5:58.886, , ,0:03.478
136,0:00.47,30:05.292,30:05.244, , ,0:00.0,0:00.47,30:05.292,30:05.244, , ,0:00.0, , ,0:00.0, , ,0:00.0, , ,0:00.0, , ,0:00.0
137,0:00.69,30:04.692,30:04.622, , ,0:00.0, , ,0:00.0, , ,0:00.0, , ,0:00.0, , ,0:00.0,0:00.69,30:04.692,30:04.622, , ,0:00.0
138,0:00.278,9:09.289,29:51.589,9:09.289,9:22.314,0:13.25, , ,0:00.0, , ,0:00.0,9:22.633,30:05.211,20:42.578, , ,0:00.0,0:00.278,9:09.289,9:09.11,9:09.289,9:22.314,0:13.25
139,9:22.633,30:05.211,29:51.589, , ,0:13.25, , ,0:00.0, , ,0:00.0, , ,20:42.578, , ,0:00.0, , ,9:09.11, , ,0:13.25
140,0:00.186,3:40.192,22:50.831,3:40.192,3:50.758,7:17.992,15:53.6,16:06.539,5:59.894,12:32.133,14:55.867,4:35.797,21:09.236,22:31.478,5:09.994,9:37.947,9:48.681,0:53.511,6:02.53,6:25.917,11:40.942,5:21.478,5:23.119,1:48.683
141,3:51.58,3:57.808,22:50.831,3:57.808,5:04.867,7:17.992,5:23.433,5:39.194,5:59.894,19:02.753,19:07.636,4:35.797,10:10.231,10:16.817,5:09.994,10:24.856,10:27.672,0:53.511,22:36.564,29:45.581,11:40.942,20:37.269,21:08.936,1:48.683
142,5:05.219,5:21.478,22:50.831,5:21.478,5:23.119,7:17.992,16:45.950,19:02.753,5:59.894,16:21.531,16:45.683,4:35.797,0:00.186,3:40.192,5:09.994,10:06.425,10:09.717,0:53.511,11:37.161,12:32.133,11:40.942,5:39.194,5:45.639,1:48.683
143,5:23.433,5:39.194,22:50.831,5:39.194,5:45.639,7:17.992,29:52.436,30:03.450,5:59.894,5:59.811,6:01.533,4:35.797,10:05.264,10:06.425,5:09.994,15:32.686,15:52.728,0:53.511,16:17.456,16:21.531,11:40.942,10:35.211,11:36.814,1:48.683
144,5:45.944,5:59.811,22:50.831,5:59.811,6:01.533,7:17.992,8:08.50,9:37.947,5:59.894,3:57.808,5:04.867,4:35.797, , ,5:09.994,22:31.478,22:36.342,0:53.511,10:28.225,10:35.211,11:40.942,8:00.519,8:07.847,1:48.683
145,6:02.53,6:25.917,22:50.831,6:25.917,6:27.764,7:17.992,5:45.944,5:59.811,5:59.894,3:40.192,3:50.758,4:35.797, , ,5:09.994,9:53.236,10:05.0,0:53.511,19:07.878,20:37.269,11:40.942, , ,1:48.683
146,6:27.883,8:00.519,22:50.831,8:00.519,8:07.847,7:17.992,14:56.333,15:32.686,5:59.894,6:25.917,6:27.764,4:35.797, , ,5:09.994, , ,0:53.511,6:27.883,8:00.519,11:40.942, , ,1:48.683
147,8:08.50,9:37.947,22:50.831,9:37.947,9:48.681,7:17.992,10:21.972,10:24.856,5:59.894,10:16.817,10:21.511,4:35.797, , ,5:09.994, , ,0:53.511, , ,11:40.942, , ,1:48.683
148,9:49.378,9:53.236,22:50.831,9:53.236,10:05.0,7:17.992,9:49.378,9:53.236,5:59.894,29:45.581,29:51.989,4:35.797, , ,5:09.994, , ,0:53.511, , ,11:40.942, , ,1:48.683
149,10:05.264,10:06.425,22:50.831,10:06.425,10:09.717,7:17.992,5:05.219,5:21.478,5:59.894,16:06.539,16:17.269,4:35.797, , ,5:09.994, , ,0:53.511, , ,11:40.942, , ,1:48.683
150,10:10.231,10:16.817,22:50.831,10:16.817,10:21.511,7:17.992,29:52.436,30:05.353,5:59.894, , ,4:35.797, , ,5:09.994, , ,0:53.511, , ,11:40.942, , ,1:48.683
151,10:21.972,10:24.856,22:50.831,10:24.856,10:27.672,7:17.992,3:51.58,3:57.808,5:59.894, , ,4:35.797, , ,5:09.994, , ,0:53.511, , ,11:40.942, , ,1:48.683
152,10:28.225,10:35.211,22:50.831,10:35.211,11:36.814,7:17.992, , ,5:59.894, , ,4:35.797, , ,5:09.994, , ,0:53.511, , ,11:40.942, , ,1:48.683
153,11:37.161,12:32.133,22:50.831,12:32.133,14:55.867,7:17.992, , ,5:59.894, , ,4:35.797, , ,5:09.994, , ,0:53.511, , ,11:40.942, , ,1:48.683
154,14:56.333,15:32.686,22:50.831,15:32.686,15:52.728,7:17.992, , ,5:59.894, , ,4:35.797, , ,5:09.994, , ,0:53.511, , ,11:40.942, , ,1:48.683
155,15:53.6,16:06.539,22:50.831,16:06.539,16:17.269,7:17.992, , ,5:59.894, , ,4:35.797, , ,5:09.994, , ,0:53.511, , ,11:40.942, , ,1:48.683
156,16:17.456,16:21.531,22:50.831,16:21.531,16:45.683,7:17.992, , ,5:59.894, , ,4:35.797, , ,5:09.994, , ,0:53.511, , ,11:40.942, , ,1:48.683
157,16:45.950,19:02.753,22:50.831,19:02.753,19:07.636,7:17.992, , ,5:59.894, , ,4:35.797, , ,5:09.994, , ,0:53.511, , ,11:40.942, , ,1:48.683
158,19:07.878,20:37.269,22:50.831,20:37.269,21:08.936,7:17.992, , ,5:59.894, , ,4:35.797, , ,5:09.994, , ,0:53.511, , ,11:40.942, , ,1:48.683
159,21:09.236,22:31.478,22:50.831,22:31.478,22:36.342,7:17.992, , ,5:59.894, , ,4:35.797, , ,5:09.994, , ,0:53.511, , ,11:40.942, , ,1:48.683
160,22:36.564,29:45.581,22:50.831,29:45.581,29:51.989,7:17.992, , ,5:59.894, , ,4:35.797, , ,5:09.994, , ,0:53.511, , ,11:40.942, , ,1:48.683
161,29:52.436,30:03.450,22:50.831, , ,7:17.992, , ,5:59.894, , ,4:35.797, , ,5:09.994, , ,0:53.511, , ,11:40.942, , ,1:48.683
162,29:52.436,30:05.353,22:50.831, , ,7:17.992, , ,5:59.894, , ,4:35.797, , ,5:09.994, , ,0:53.511, , ,11:40.942, , ,1:48.683
163,0:00.167,18:17.725,30:00.739,18:17.725,18:18.917,0:03.311,18:19.494,18:21.292,18:19.356,18:21.292,18:23.411,0:02.119,18:23.617,30:05.0,11:41.383, , ,0:00.0, , ,0:00.0,18:17.725,18:18.917,0:01.192
164,18:19.494,18:21.292,30:00.739,18:21.292,18:23.411,0:03.311,0:00.167,18:17.725,18:19.356, , ,0:02.119, , ,11:41.383, , ,0:00.0, , ,0:00.0, , ,0:01.192
165,18:23.617,30:05.0,30:00.739, , ,0:03.311, , ,18:19.356, , ,0:02.119, , ,11:41.383, , ,0:00.0, , ,0:00.0, , ,0:01.192
166,0:00.508,30:05.214,30:04.706, , ,0:00.0,0:00.508,30:05.214,30:04.706, , ,0:00.0, , ,0:00.0, , ,0:00.0, , ,0:00.0, , ,0:00.0
167,0:00.39,0:00.67,18:22.664,0:00.67,0:09.956,11:35.972, , ,0:00.0,9:16.642,9:42.697,5:12.644,0:00.39,0:00.67,18:22.664,15:22.786,15:24.289,3:47.528, , ,0:00.0,9:46.464,9:57.806,2:35.800
168,0:10.317,0:44.19,18:22.664,0:44.19,0:49.483,11:35.972, , ,0:00.0,15:25.639,17:13.786,5:12.644,0:10.317,0:44.19,18:22.664,6:53.175,7:06.947,3:47.528, , ,0:00.0,17:23.542,18:51.403,2:35.800
169,0:49.783,1:34.933,18:22.664,1:34.933,1:43.900,11:35.972, , ,0:00.0,24:54.767,24:58.989,5:12.644,0:49.783,1:34.933,18:22.664,21:43.983,23:23.944,3:47.528, , ,0:00.0,14:12.650,14:27.711,2:35.800
170,1:44.283,6:30.0,18:22.664,6:30.0,6:32.733,11:35.972, , ,0:00.0,0:44.19,0:49.483,5:12.644,1:44.283,6:30.0,18:22.664,19:27.544,21:09.947,3:47.528, , ,0:00.0,13:57.244,13:59.897,2:35.800
171,6:33.8,6:53.175,18:22.664,6:53.175,7:06.947,11:35.972, , ,0:00.0,23:50.275,24:39.447,5:12.644,6:33.8,6:53.175,18:22.664,0:00.67,0:09.956,3:47.528, , ,0:00.0,18:58.372,19:22.422,2:35.800
172,7:07.383,8:01.392,18:22.664,8:01.392,8:10.836,11:35.972, , ,0:00.0,15:02.575,15:16.147,5:12.644,7:07.383,8:01.392,18:22.664, , ,3:47.528, , ,0:00.0,8:58.144,9:12.978,2:35.800
173,8:11.42,8:37.958,18:22.664,8:37.958,8:53.53,11:35.972, , ,0:00.0,23:28.225,23:33.958,5:12.644,8:11.42,8:37.958,18:22.664, , ,3:47.528, , ,0:00.0, , ,2:35.800
174,8:53.267,8:58.144,18:22.664,8:58.144,9:12.978,11:35.972, , ,0:00.0,14:43.225,14:56.867,5:12.644,8:53.267,8:58.144,18:22.664, , ,3:47.528, , ,0:00.0, , ,2:35.800
175,9:13.194,9:13.292,18:22.664,9:13.292,9:14.936,11:35.972, , ,0:00.0,10:18.917,10:23.425,5:12.644,9:13.194,9:13.292,18:22.664, , ,3:47.528, , ,0:00.0, , ,2:35.800
176,9:15.44,9:16.642,18:22.664,9:16.642,9:42.697,11:35.972, , ,0:00.0,10:05.247,10:16.717,5:12.644,9:15.44,9:16.642,18:22.664, , ,3:47.528, , ,0:00.0, , ,2:35.800
177,9:43.161,9:46.464,18:22.664,9:46.464,9:57.806,11:35.972, , ,0:00.0,1:34.933,1:43.900,5:12.644,9:43.161,9:46.464,18:22.664, , ,3:47.528, , ,0:00.0, , ,2:35.800
178,9:57.947,10:05.247,18:22.664,10:05.247,10:16.717,11:35.972, , ,0:00.0,6:30.0,6:32.733,5:12.644,9:57.947,10:05.247,18:22.664, , ,3:47.528, , ,0:00.0, , ,2:35.800
179,10:16.867,10:18.917,18:22.664,10:18.917,10:23.425,11:35.972, , ,0:00.0,8:37.958,8:53.53,5:12.644,10:16.867,10:18.917,18:22.664, , ,3:47.528, , ,0:00.0, , ,2:35.800
180,10:23.753,12:24.486,18:22.664,12:24.486,12:55.428,11:35.972, , ,0:00.0,9:13.292,9:14.936,5:12.644,10:23.753,12:24.486,18:22.664, , ,3:47.528, , ,0:00.0, , ,2:35.800
181,12:55.794,13:49.133,18:22.664,13:49.133,13:50.967,11:35.972, , ,0:00.0,13:49.133,13:50.967,5:12.644,12:55.794,13:49.133,18:22.664, , ,3:47.528, , ,0:00.0, , ,2:35.800
182,13:51.364,13:57.244,18:22.664,13:57.244,13:59.897,11:35.972, , ,0:00.0,12:24.486,12:55.428,5:12.644,13:51.364,13:57.244,18:22.664, , ,3:47.528, , ,0:00.0, , ,2:35.800
183,14:00.86,14:12.650,18:22.664,14:12.650,14:27.711,11:35.972, , ,0:00.0,8:01.392,8:10.836,5:12.644,14:00.86,14:12.650,18:22.664, , ,3:47.528, , ,0:00.0, , ,2:35.800
184,14:27.850,14:43.225,18:22.664,14:43.225,14:56.867,11:35.972, , ,0:00.0, , ,5:12.644,14:27.850,14:43.225,18:22.664, , ,3:47.528, , ,0:00.0, , ,2:35.800
185,14:56.947,15:02.575,18:22.664,15:02.575,15:16.147,11:35.972, , ,0:00.0, , ,5:12.644,14:56.947,15:02.575,18:22.664, , ,3:47.528, , ,0:00.0, , ,2:35.800
186,15:16.244,15:22.786,18:22.664,15:22.786,15:24.289,11:35.972, , ,0:00.0, , ,5:12.644,15:16.244,15:22.786,18:22.664, , ,3:47.528, , ,0:00.0, , ,2:35.800
187,15:24.344,15:25.639,18:22.664,15:25.639,17:13.786,11:35.972, , ,0:00.0, , ,5:12.644,15:24.344,15:25.639,18:22.664, , ,3:47.528, , ,0:00.0, , ,2:35.800
188,17:14.161,17:23.542,18:22.664,17:23.542,18:51.403,11:35.972, , ,0:00.0, , ,5:12.644,17:14.161,17:23.542,18:22.664, , ,3:47.528, , ,0:00.0, , ,2:35.800
189,18:51.728,18:58.372,18:22.664,18:58.372,19:22.422,11:35.972, , ,0:00.0, , ,5:12.644,18:51.728,18:58.372,18:22.664, , ,3:47.528, , ,0:00.0, , ,2:35.800
190,19:22.639,19:27.544,18:22.664,19:27.544,21:09.947,11:35.972, , ,0:00.0, , ,5:12.644,19:22.639,19:27.544,18:22.664, , ,3:47.528, , ,0:00.0, , ,2:35.800
191,21:10.64,21:43.983,18:22.664,21:43.983,23:23.944,11:35.972, , ,0:00.0, , ,5:12.644,21:10.64,21:43.983,18:22.664, , ,3:47.528, , ,0:00.0, , ,2:35.800
192,23:24.253,23:28.225,18:22.664,23:28.225,23:33.958,11:35.972, , ,0:00.0, , ,5:12.644,23:24.253,23:28.225,18:22.664, , ,3:47.528, , ,0:00.0, , ,2:35.800
193,23:34.283,23:50.275,18:22.664,23:50.275,24:39.447,11:35.972, , ,0:00.0, , ,5:12.644,23:34.283,23:50.275,18:22.664, , ,3:47.528, , ,0:00.0, , ,2:35.800
194,24:39.631,24:54.767,18:22.664,24:54.767,24:58.989,11:35.972, , ,0:00.0, , ,5:12.644,24:39.631,24:54.767,18:22.664, , ,3:47.528, , ,0:00.0, , ,2:35.800
195,24:59.531,25:00.569,18:22.664, , ,11:35.972, , ,0:00.0, , ,5:12.644,24:59.531,25:00.569,18:22.664, , ,3:47.528, , ,0:00.0, , ,2:35.800
196,24:59.531,30:04.936,18:22.664, , ,11:35.972, , ,0:00.0, , ,5:12.644,24:59.531,30:04.936,18:22.664, , ,3:47.528, , ,0:00.0, , ,2:35.800
197,0:00.42,14:56.994,29:41.736,14:56.994,15:19.825,0:22.831, , ,0:00.0, , ,0:00.0,0:00.42,14:56.994,29:41.736, , ,0:00.0, , ,0:00.0,14:56.994,15:19.825,0:22.831
198,15:20.375,30:05.158,29:41.736, , ,0:22.831, , ,0:00.0, , ,0:00.0,15:20.375,30:05.158,29:41.736, , ,0:00.0, , ,0:00.0, , ,0:22.831
199,0:00.25,4:43.147,26:56.50,4:43.147,5:01.956,3:08.589,6:58.825,7:01.117,26:36.475, , ,0:00.0, , ,0:00.0, , ,0:00.0,5:21.92,5:35.483,0:19.575,4:43.147,5:01.956,3:08.589
200,5:02.378,5:10.436,26:56.50,5:10.436,5:20.747,3:08.589,7:53.958,8:02.178,26:36.475, , ,0:00.0, , ,0:00.0, , ,0:00.0,8:37.375,8:39.53,0:19.575,5:10.436,5:20.747,3:08.589
201,5:21.92,5:35.483,26:56.50,5:35.483,5:38.300,3:08.589,5:02.378,5:10.436,26:36.475, , ,0:00.0, , ,0:00.0, , ,0:00.0,7:23.928,7:27.433,0:19.575,5:35.483,5:38.300,3:08.589
202,5:38.822,5:45.983,26:56.50,5:45.983,6:58.733,3:08.589,5:38.822,5:45.983,26:36.475, , ,0:00.0, , ,0:00.0, , ,0:00.0, , ,0:19.575,5:45.983,6:58.733,3:08.589
203,6:58.825,7:01.117,26:56.50,7:01.117,7:23.819,3:08.589,8:37.375,30:04.997,26:36.475, , ,0:00.0, , ,0:00.0, , ,0:00.0, , ,0:19.575,7:01.117,7:23.819,3:08.589
204,7:23.928,7:27.433,26:56.50,7:27.433,7:53.514,3:08.589,0:00.25,4:43.147,26:36.475, , ,0:00.0, , ,0:00.0, , ,0:00.0, , ,0:19.575,7:27.433,7:53.514,3:08.589
205,7:53.958,8:02.178,26:56.50,8:02.178,8:37.297,3:08.589, , ,26:36.475, , ,0:00.0, , ,0:00.0, , ,0:00.0, , ,0:19.575,8:02.178,8:37.297,3:08.589
206,8:37.375,8:39.53,26:56.50, , ,3:08.589, , ,26:36.475, , ,0:00.0, , ,0:00.0, , ,0:00.0, , ,0:19.575, , ,3:08.589
207,8:37.375,30:04.997,26:56.50, , ,3:08.589, , ,26:36.475, , ,0:00.0, , ,0:00.0, , ,0:00.0, , ,0:19.575, , ,3:08.589
208,0:00.25,0:18.6,23:34.72,0:18.6,0:22.481,6:25.622,19:29.164,20:02.411,14:37.381,15:05.856,19:28.678,5:50.992,15:01.289,15:05.856,1:50.369,20:02.411,20:04.617,0:21.150,0:55.331,5:39.92,7:06.322,0:18.6,0:22.481,0:13.481
209,0:22.631,0:36.194,23:34.72,0:36.194,0:55.139,6:25.622,20:04.794,20:16.458,14:37.381,25:28.78,25:53.550,5:50.992,23:09.222,24:55.25,1:50.369,0:36.194,0:55.139,0:21.150,20:19.706,20:59.592,7:06.322,21:13.803,21:19.928,0:13.481
210,0:55.331,5:39.92,23:34.72,5:39.92,6:18.558,6:25.622,0:00.25,0:18.6,14:37.381,14:58.744,15:01.22,5:50.992, , ,1:50.369, , ,0:21.150,21:20.339,23:03.14,7:06.322,20:16.458,20:19.339,0:13.481
211,6:18.736,14:58.744,23:34.72,14:58.744,15:01.22,6:25.622,0:22.631,0:36.194,14:37.381,23:03.14,23:09.33,5:50.992, , ,1:50.369, , ,0:21.150, , ,7:06.322, , ,0:13.481
212,15:01.289,15:05.856,23:34.72,15:05.856,19:28.678,6:25.622,25:53.692,30:05.375,14:37.381,5:39.92,6:18.558,5:50.992, , ,1:50.369, , ,0:21.150, , ,7:06.322, , ,0:13.481
213,19:29.164,20:02.411,23:34.72,20:02.411,20:04.617,6:25.622,24:58.844,25:28.78,14:37.381,20:59.592,21:11.61,5:50.992, , ,1:50.369, , ,0:21.150, , ,7:06.322, , ,0:13.481
214,20:04.794,20:16.458,23:34.72,20:16.458,20:19.339,6:25.622,6:18.736,14:58.744,14:37.381,24:55.25,24:58.489,5:50.992, , ,1:50.369, , ,0:21.150, , ,7:06.322, , ,0:13.481
215,20:19.706,20:59.592,23:34.72,20:59.592,21:11.61,6:25.622, , ,14:37.381, , ,5:50.992, , ,1:50.369, , ,0:21.150, , ,7:06.322, , ,0:13.481
216,21:20.339,23:03.14,23:34.72,21:13.803,21:19.928,6:25.622, , ,14:37.381, , ,5:50.992, , ,1:50.369, , ,0:21.150, , ,7:06.322, , ,0:13.481
217,23:09.222,24:55.25,23:34.72,23:03.14,23:09.33,6:25.622, , ,14:37.381, , ,5:50.992, , ,1:50.369, , ,0:21.150, , ,7:06.322, , ,0:13.481
218,24:58.844,25:28.78,23:34.72,24:55.25,24:58.489,6:25.622, , ,14:37.381, , ,5:50.992, , ,1:50.369, , ,0:21.150, , ,7:06.322, , ,0:13.481
219,25:53.692,30:05.375,23:34.72,25:28.78,25:53.550,6:25.622, , ,14:37.381, , ,5:50.992, , ,1:50.369, , ,0:21.150, , ,7:06.322, , ,0:13.481
220,0:00.233,4:08.433,25:12.842,4:08.433,4:20.514,4:56.728, , ,0:00.0,14:07.656,14:20.308,2:58.292, , ,0:00.0,17:18.347,18:21.575,1:03.228,0:00.233,4:08.433,25:12.842,5:39.586,6:34.794,0:55.208
221,4:20.872,5:39.586,25:12.842,5:39.586,6:34.794,4:56.728, , ,0:00.0,13:28.272,13:42.817,2:58.292, , ,0:00.0, , ,1:03.228,4:20.872,5:39.586,25:12.842, , ,0:55.208
222,6:35.47,12:32.431,25:12.842,12:32.431,13:00.653,4:56.728, , ,0:00.0,4:08.433,4:20.514,2:58.292, , ,0:00.0, , ,1:03.228,6:35.47,12:32.431,25:12.842, , ,0:55.208
223,13:01.117,13:28.272,25:12.842,13:28.272,13:42.817,4:56.728, , ,0:00.0,27:41.469,28:10.544,2:58.292, , ,0:00.0, , ,1:03.228,13:01.117,13:28.272,25:12.842, , ,0:55.208
224,13:43.42,14:07.656,25:12.842,14:07.656,14:20.308,4:56.728, , ,0:00.0,20:21.117,20:48.772,2:58.292, , ,0:00.0, , ,1:03.228,13:43.42,14:07.656,25:12.842, , ,0:55.208
225,14:20.583,17:18.347,25:12.842,17:18.347,18:21.575,4:56.728, , ,0:00.0,26:39.919,27:33.981,2:58.292, , ,0:00.0, , ,1:03.228,14:20.583,17:18.347,25:12.842, , ,0:55.208
226,18:21.869,20:21.117,25:12.842,20:21.117,20:48.772,4:56.728, , ,0:00.0,12:32.431,13:00.653,2:58.292, , ,0:00.0, , ,1:03.228,18:21.869,20:21.117,25:12.842, , ,0:55.208
227,20:48.903,26:39.919,25:12.842,26:39.919,27:33.981,4:56.728, , ,0:00.0, , ,2:58.292, , ,0:00.0, , ,1:03.228,20:48.903,26:39.919,25:12.842, , ,0:55.208
228,27:34.267,27:41.469,25:12.842,27:41.469,28:10.544,4:56.728, , ,0:00.0, , ,2:58.292, , ,0:00.0, , ,1:03.228,27:34.267,27:41.469,25:12.842, , ,0:55.208
229,28:10.731,28:17.847,25:12.842, , ,4:56.728, , ,0:00.0, , ,2:58.292, , ,0:00.0, , ,1:03.228,28:10.731,28:17.847,25:12.842, , ,0:55.208
230,28:10.731,30:05.158,25:12.842, , ,4:56.728, , ,0:00.0, , ,2:58.292, , ,0:00.0, , ,1:03.228,28:10.731,30:05.158,25:12.842, , ,0:55.208
231,0:00.36,3:07.878,19:40.42,3:07.878,3:18.561,10:23.553,14:01.842,14:03.111,14:36.356,16:11.153,16:20.506,10:22.608,14:04.333,15:59.706,1:55.372, , ,0:00.0,0:00.36,3:07.878,3:08.314,14:03.111,14:04.56,0:00.944
232,3:18.628,3:45.178,19:40.42,3:45.178,3:48.631,10:23.553,16:00.486,16:01.361,14:36.356,15:59.706,16:00.203,10:22.608, , ,1:55.372, , ,0:00.0,16:24.989,16:25.461,3:08.314, , ,0:00.944
233,3:48.861,4:05.167,19:40.42,4:05.167,14:01.536,10:23.553,16:24.989,30:05.450,14:36.356,3:07.878,3:18.561,10:22.608, , ,1:55.372, , ,0:00.0, , ,3:08.314, , ,0:00.944
234,14:01.842,14:03.111,19:40.42,14:03.111,14:04.56,10:23.553,16:02.556,16:11.153,14:36.356,4:05.167,14:01.536,10:22.608, , ,1:55.372, , ,0:00.0, , ,3:08.314, , ,0:00.944
235,14:04.333,15:59.706,19:40.42,15:59.706,16:00.203,10:23.553,3:48.861,4:05.167,14:36.356,16:01.361,16:02.83,10:22.608, , ,1:55.372, , ,0:00.0, , ,3:08.314, , ,0:00.944
236,16:00.486,16:01.361,19:40.42,16:01.361,16:02.83,10:23.553,3:18.628,3:45.178,14:36.356,3:45.178,3:48.631,10:22.608, , ,1:55.372, , ,0:00.0, , ,3:08.314, , ,0:00.944
237,16:02.556,16:11.153,19:40.42,16:11.153,16:20.506,10:23.553,16:20.950,16:23.247,14:36.356,16:23.247,16:24.778,10:22.608, , ,1:55.372, , ,0:00.0, , ,3:08.314, , ,0:00.944
238,16:20.950,16:23.247,19:40.42,16:23.247,16:24.778,10:23.553, , ,14:36.356, , ,10:22.608, , ,1:55.372, , ,0:00.0, , ,3:08.314, , ,0:00.944
239,16:24.989,16:25.461,19:40.42, , ,10:23.553, , ,14:36.356, , ,10:22.608, , ,1:55.372, , ,0:00.0, , ,3:08.314, , ,0:00.944
240,16:24.989,30:05.450,19:40.42, , ,10:23.553, , ,14:36.356, , ,10:22.608, , ,1:55.372, , ,0:00.0, , ,3:08.314, , ,0:00.944
241,0:00.347,11:40.761,26:34.336,11:40.761,11:42.0,3:35.872,26:47.133,26:54.633,18:48.939,26:31.222,26:46.564,3:35.872, , ,0:00.0, , ,0:00.0,18:49.42,23:15.353,7:45.397, , ,0:00.0
242,11:42.336,18:31.314,26:34.336,18:31.314,18:36.275,3:35.872,18:36.528,18:44.597,18:48.939,18:31.314,18:36.275,3:35.872, , ,0:00.0, , ,0:00.0,26:47.133,30:05.403,7:45.397, , ,0:00.0
243,18:36.528,18:44.597,26:34.336,18:44.597,18:48.792,3:35.872,11:42.336,18:31.314,18:48.939,23:15.353,23:15.792,3:35.872, , ,0:00.0, , ,0:00.0,26:30.406,26:31.222,7:45.397, , ,0:00.0
244,18:49.42,23:15.353,26:34.336,23:15.353,23:15.792,3:35.872,23:16.325,23:20.303,18:48.939,23:20.303,26:30.0,3:35.872, , ,0:00.0, , ,0:00.0, , ,7:45.397, , ,0:00.0
245,23:16.325,23:20.303,26:34.336,23:20.303,26:30.0,3:35.872,0:00.347,11:40.761,18:48.939,11:40.761,11:42.0,3:35.872, , ,0:00.0, , ,0:00.0, , ,7:45.397, , ,0:00.0
246,26:30.406,26:31.222,26:34.336,26:31.222,26:46.564,3:35.872, , ,18:48.939,18:44.597,18:48.792,3:35.872, , ,0:00.0, , ,0:00.0, , ,7:45.397, , ,0:00.0
247,26:47.133,26:54.633,26:34.336, , ,3:35.872, , ,18:48.939, , ,3:35.872, , ,0:00.0, , ,0:00.0, , ,7:45.397, , ,0:00.0
248,26:47.133,30:05.403,26:34.336, , ,3:35.872, , ,18:48.939, , ,3:35.872, , ,0:00.0, , ,0:00.0, , ,7:45.397, , ,0:00.0
249,0:00.50,30:05.533,30:05.483, , ,0:00.0,0:00.50,30:05.533,30:05.483, , ,0:00.0, , ,0:00.0, , ,0:00.0, , ,0:00.0, , ,0:00.0
250,0:00.53,1:16.719,30:02.281,1:16.719,1:17.414,0:02.297,1:17.875,1:21.197,0:03.322,1:21.197,1:22.800,0:01.603, , ,0:00.0,1:16.719,1:17.414,0:00.694,1:22.961,30:05.253,29:58.958, , ,0:00.0
251,1:17.875,1:21.197,30:02.281,1:21.197,1:22.800,0:02.297, , ,0:03.322, , ,0:01.603, , ,0:00.0, , ,0:00.694,0:00.53,1:16.719,29:58.958, , ,0:00.0
252,1:22.961,30:05.253,30:02.281, , ,0:02.297, , ,0:03.322, , ,0:01.603, , ,0:00.0, , ,0:00.694, , ,29:58.958, , ,0:00.0
253,0:00.114,3:07.189,29:22.992,3:07.189,3:07.658,0:38.972, , ,0:00.0,28:00.589,28:02.653,0:20.14, , ,0:00.0,3:18.528,3:24.892,0:06.364,0:00.114,3:07.189,29:22.992,22:13.400,22:15.364,0:12.594
254,3:07.847,3:13.394,29:22.992,3:13.394,3:15.197,0:38.972, , ,0:00.0,3:07.189,3:07.658,0:20.14, , ,0:00.0, , ,0:06.364,3:07.847,3:13.394,29:22.992,3:13.394,3:15.197,0:12.594
255,3:15.319,3:18.528,29:22.992,3:18.528,3:24.892,0:38.972, , ,0:00.0,11:20.422,11:23.797,0:20.14, , ,0:00.0, , ,0:06.364,3:15.319,3:18.528,29:22.992,20:51.722,20:54.211,0:12.594
256,3:25.197,11:20.422,29:22.992,11:20.422,11:23.797,0:38.972, , ,0:00.0,15:22.658,15:25.450,0:20.14, , ,0:00.0, , ,0:06.364,3:25.197,11:20.422,29:22.992,13:26.419,13:29.53,0:12.594
257,11:23.917,12:55.694,29:22.992,12:55.694,12:57.992,0:38.972, , ,0:00.0,27:32.631,27:35.247,0:20.14, , ,0:00.0, , ,0:06.364,11:23.917,12:55.694,29:22.992,29:26.567,29:30.272,0:12.594
258,12:58.67,13:26.419,29:22.992,13:26.419,13:29.53,0:38.972, , ,0:00.0,14:26.608,14:28.64,0:20.14, , ,0:00.0, , ,0:06.364,12:58.67,13:26.419,29:22.992, , ,0:12.594
259,13:29.272,14:26.608,29:22.992,14:26.608,14:28.64,0:38.972, , ,0:00.0,21:19.600,21:22.289,0:20.14, , ,0:00.0, , ,0:06.364,13:29.272,14:26.608,29:22.992, , ,0:12.594
260,14:28.381,15:22.658,29:22.992,15:22.658,15:25.450,0:38.972, , ,0:00.0,12:55.694,12:57.992,0:20.14, , ,0:00.0, , ,0:06.364,14:28.381,15:22.658,29:22.992, , ,0:12.594
261,15:25.569,20:51.722,29:22.992,20:51.722,20:54.211,0:38.972, , ,0:00.0,27:10.503,27:12.758,0:20.14, , ,0:00.0, , ,0:06.364,15:25.569,20:51.722,29:22.992, , ,0:12.594
262,20:54.397,21:19.600,29:22.992,21:19.600,21:22.289,0:38.972, , ,0:00.0, , ,0:20.14, , ,0:00.0, , ,0:06.364,20:54.397,21:19.600,29:22.992, , ,0:12.594
263,21:22.497,22:13.400,29:22.992,22:13.400,22:15.364,0:38.972, , ,0:00.0, , ,0:20.14, , ,0:00.0, , ,0:06.364,21:22.497,22:13.400,29:22.992, , ,0:12.594
264,22:15.556,27:10.503,29:22.992,27:10.503,27:12.758,0:38.972, , ,0:00.0, , ,0:20.14, , ,0:00.0, , ,0:06.364,22:15.556,27:10.503,29:22.992, , ,0:12.594
265,27:12.986,27:32.631,29:22.992,27:32.631,27:35.247,0:38.972, , ,0:00.0, , ,0:20.14, , ,0:00.0, , ,0:06.364,27:12.986,27:32.631,29:22.992, , ,0:12.594
266,27:35.625,28:00.589,29:22.992,28:00.589,28:02.653,0:38.972, , ,0:00.0, , ,0:20.14, , ,0:00.0, , ,0:06.364,27:35.625,28:00.589,29:22.992, , ,0:12.594
267,28:02.953,29:26.567,29:22.992,29:26.567,29:30.272,0:38.972, , ,0:00.0, , ,0:20.14, , ,0:00.0, , ,0:06.364,28:02.953,29:26.567,29:22.992, , ,0:12.594
268,29:30.444,30:05.208,29:22.992, , ,0:38.972, , ,0:00.0, , ,0:20.14, , ,0:00.0, , ,0:06.364,29:30.444,30:05.208,29:22.992, , ,0:12.594
269,0:00.522,30:04.825,30:04.303, , ,0:00.0, , ,0:00.0, , ,0:00.0,0:00.522,30:04.825,30:04.303, , ,0:00.0, , ,0:00.0, , ,0:00.0
270,0:00.78,6:44.489,29:56.658,6:44.489,6:48.806,0:07.739,0:00.78,6:44.489,6:44.411,6:44.489,6:48.806,0:07.739,24:05.425,30:05.289,23:12.247, , ,0:00.0, , ,0:00.0, , ,0:00.0
271,6:49.103,24:01.486,29:56.658,24:01.486,24:04.908,0:07.739, , ,6:44.411,24:01.486,24:04.908,0:07.739,6:49.103,24:01.486,23:12.247, , ,0:00.0, , ,0:00.0, , ,0:00.0
272,24:05.425,30:05.289,29:56.658, , ,0:07.739, , ,6:44.411, , ,0:07.739, , ,23:12.247, , ,0:00.0, , ,0:00.0, , ,0:00.0
273,0:00.78,8:45.886,29:45.131,8:45.886,8:50.933,0:17.853,0:00.78,8:45.886,19:21.781,19:41.631,19:45.528,0:10.239,9:11.694,17:28.669,8:16.975, , ,0:00.0,19:15.778,19:41.631,2:06.375,8:45.886,8:50.933,0:07.614
274,8:51.272,9:07.861,29:45.131,9:07.861,9:11.533,0:17.853,8:51.272,9:07.861,19:21.781,17:28.669,17:31.339,0:10.239, , ,8:16.975, , ,0:00.0,17:31.817,18:18.389,2:06.375,18:18.389,18:19.625,0:07.614
275,9:11.694,17:28.669,29:45.131,17:28.669,17:31.339,0:17.853,19:45.644,30:05.28,19:21.781,9:07.861,9:11.533,0:10.239, , ,8:16.975, , ,0:00.0,18:20.386,19:14.336,2:06.375,19:14.336,19:15.667,0:07.614
276,17:31.817,18:18.389,29:45.131,18:18.389,18:19.625,0:17.853, , ,19:21.781, , ,0:10.239, , ,8:16.975, , ,0:00.0, , ,2:06.375, , ,0:07.614
277,18:20.386,19:14.336,29:45.131,19:14.336,19:15.667,0:17.853, , ,19:21.781, , ,0:10.239, , ,8:16.975, , ,0:00.0, , ,2:06.375, , ,0:07.614
278,19:15.778,19:41.631,29:45.131,19:41.631,19:45.528,0:17.853, , ,19:21.781, , ,0:10.239, , ,8:16.975, , ,0:00.0, , ,2:06.375, , ,0:07.614
279,19:45.644,30:05.28,29:45.131, , ,0:17.853, , ,19:21.781, , ,0:10.239, , ,8:16.975, , ,0:00.0, , ,2:06.375, , ,0:07.614
280,0:00.47,1:48.733,29:15.822,1:48.733,1:52.236,0:50.917,1:57.414,8:51.839,29:08.47,21:03.183,21:18.489,0:26.786, , ,0:00.0,21:23.264,21:42.17,0:18.753,21:18.631,21:23.264,0:07.775,8:51.839,8:57.217,0:05.378
281,1:52.400,1:55.542,29:15.822,1:55.542,1:56.931,0:50.917,8:57.678,21:03.183,29:08.47,1:55.542,1:56.931,0:26.786, , ,0:00.0, , ,0:18.753,1:52.400,1:55.542,0:07.775, , ,0:05.378
282,1:57.414,8:51.839,29:15.822,8:51.839,8:57.217,0:50.917,21:42.672,22:41.361,29:08.47,24:44.797,24:48.208,0:26.786, , ,0:00.0, , ,0:18.753, , ,0:07.775, , ,0:05.378
283,8:57.678,21:03.183,29:15.822,21:03.183,21:18.489,0:50.917,24:48.347,24:52.939,29:08.47,22:41.361,22:44.539,0:26.786, , ,0:00.0, , ,0:18.753, , ,0:07.775, , ,0:05.378
284,21:18.631,21:23.264,29:15.822,21:23.264,21:42.17,0:50.917,24:48.347,30:05.164,29:08.47,1:48.733,1:52.236,0:26.786, , ,0:00.0, , ,0:18.753, , ,0:07.775, , ,0:05.378
285,21:42.672,22:41.361,29:15.822,22:41.361,22:44.539,0:50.917,22:45.464,24:44.797,29:08.47, , ,0:26.786, , ,0:00.0, , ,0:18.753, , ,0:07.775, , ,0:05.378
286,22:45.464,24:44.797,29:15.822,24:44.797,24:48.208,0:50.917,0:00.47,1:48.733,29:08.47, , ,0:26.786, , ,0:00.0, , ,0:18.753, , ,0:07.775, , ,0:05.378
287,24:48.347,24:52.939,29:15.822, , ,0:50.917, , ,29:08.47, , ,0:26.786, , ,0:00.0, , ,0:18.753, , ,0:07.775, , ,0:05.378
288,24:48.347,30:05.164,29:15.822, , ,0:50.917, , ,29:08.47, , ,0:26.786, , ,0:00.0, , ,0:18.753, , ,0:07.775, , ,0:05.378
289,0:00.267,2:37.292,28:43.269,2:37.292,2:42.453,1:19.772,10:33.344,10:38.172,6:05.422,12:36.814,12:44.6,0:38.444,12:44.417,30:05.136,17:20.719,6:57.608,7:33.775,0:36.167,0:00.267,2:37.292,5:17.128,2:37.292,2:42.453,0:05.161
290,2:42.886,6:57.608,28:43.269,6:57.608,7:33.775,1:19.772,10:50.942,12:36.814,6:05.422,10:38.172,10:50.594,0:38.444, , ,17:20.719, , ,0:36.167,7:34.181,10:14.283,5:17.128, , ,0:05.161
291,7:34.181,10:14.283,28:43.269,10:14.283,10:33.114,1:19.772,2:42.886,6:57.608,6:05.422,10:14.283,10:33.114,0:38.444, , ,17:20.719, , ,0:36.167, , ,5:17.128, , ,0:05.161
292,10:33.344,10:38.172,28:43.269,10:38.172,10:50.594,1:19.772, , ,6:05.422, , ,0:38.444, , ,17:20.719, , ,0:36.167, , ,5:17.128, , ,0:05.161
293,10:50.942,12:36.814,28:43.269,12:36.814,12:44.6,1:19.772, , ,6:05.422, , ,0:38.444, , ,17:20.719, , ,0:36.167, , ,5:17.128, , ,0:05.161
294,12:44.417,30:05.136,28:43.269, , ,1:19.772, , ,6:05.422, , ,0:38.444, , ,17:20.719, , ,0:36.167, , ,5:17.128, , ,0:05.161
295,0:00.75,0:59.878,28:20.367,0:59.878,1:03.342,1:40.78,3:13.486,4:36.622,20:06.131,20:51.533,20:55.506,1:00.719,1:03.500,2:41.100,1:37.600,20:09.714,20:32.108,0:22.394,25:26.297,30:04.892,6:36.636,4:36.622,4:42.883,0:16.964
296,1:03.500,2:41.100,28:20.367,2:41.100,3:01.675,1:40.78,3:02.144,3:09.189,20:06.131,24:59.100,25:07.531,1:00.719, , ,1:37.600, , ,0:22.394,20:56.36,22:43.753,6:36.636,0:59.878,1:03.342,0:16.964
297,3:02.144,3:09.189,28:20.367,3:09.189,3:13.150,1:40.78,0:00.75,0:59.878,20:06.131,24:33.881,24:42.572,1:00.719, , ,1:37.600, , ,0:22.394,25:08.208,25:18.533,6:36.636,25:18.533,25:25.772,0:16.964
298,3:13.486,4:36.622,28:20.367,4:36.622,4:42.883,1:40.78,24:42.981,24:59.100,20:06.131,22:43.753,22:58.842,1:00.719, , ,1:37.600, , ,0:22.394, , ,6:36.636, , ,0:16.964
299,4:43.11,20:09.714,28:20.367,20:09.714,20:32.108,1:40.78,20:32.633,20:51.533,20:06.131,2:41.100,3:01.675,1:00.719, , ,1:37.600, , ,0:22.394, , ,6:36.636, , ,0:16.964
300,20:32.633,20:51.533,28:20.367,20:51.533,20:55.506,1:40.78,4:43.11,20:09.714,20:06.131,3:09.189,3:13.150,1:00.719, , ,1:37.600, , ,0:22.394, , ,6:36.636, , ,0:16.964
301,20:56.36,22:43.753,28:20.367,22:43.753,22:58.842,1:40.78,22:59.456,24:33.881,20:06.131, , ,1:00.719, , ,1:37.600, , ,0:22.394, , ,6:36.636, , ,0:16.964
302,22:59.456,24:33.881,28:20.367,24:33.881,24:42.572,1:40.78, , ,20:06.131, , ,1:00.719, , ,1:37.600, , ,0:22.394, , ,6:36.636, , ,0:16.964
303,24:42.981,24:59.100,28:20.367,24:59.100,25:07.531,1:40.78, , ,20:06.131, , ,1:00.719, , ,1:37.600, , ,0:22.394, , ,6:36.636, , ,0:16.964
304,25:08.208,25:18.533,28:20.367,25:18.533,25:25.772,1:40.78, , ,20:06.131, , ,1:00.719, , ,1:37.600, , ,0:22.394, , ,6:36.636, , ,0:16.964
305,25:26.297,30:04.892,28:20.367, , ,1:40.78, , ,20:06.131, , ,1:00.719, , ,1:37.600, , ,0:22.394, , ,6:36.636, , ,0:16.964
306,0:00.83,24:19.986,30:01.783,24:19.986,24:22.872,0:02.886,24:23.139,30:05.19,5:41.881,24:19.986,24:22.872,0:02.886, , ,0:00.0, , ,0:00.0,0:00.83,24:19.986,24:19.903, , ,0:00.0
307,24:23.139,30:05.19,30:01.783, , ,0:02.886, , ,5:41.881, , ,0:02.886, , ,0:00.0, , ,0:00.0, , ,24:19.903, , ,0:00.0
308,0:00.158,30:05.172,30:05.14, , ,0:00.0,0:00.158,30:05.172,30:05.14, , ,0:00.0, , ,0:00.0, , ,0:00.0, , ,0:00.0, , ,0:00.0
309,0:00.211,0:07.83,17:18.956,0:07.83,1:11.269,12:39.558,0:00.211,0:07.83,1:32.0, , ,0:00.0,5:59.908,6:13.292,0:27.517,0:07.83,1:11.269,12:30.478,4:41.283,5:39.661,15:19.439, , ,0:00.0
310,1:12.500,1:23.764,17:18.956,1:23.764,1:30.33,12:39.558,12:13.611,12:25.989,1:32.0, , ,0:00.0,11:31.614,11:41.578,0:27.517,1:23.764,1:30.33,12:30.478,1:30.217,3:45.931,15:19.439, , ,0:00.0
311,1:30.217,3:45.931,17:18.956,3:45.931,4:02.972,12:39.558,6:32.672,6:49.247,1:32.0, , ,0:00.0,11:47.308,11:51.478,0:27.517,3:45.931,4:02.972,12:30.478,22:23.908,30:03.794,15:19.439, , ,0:00.0
312,4:03.636,4:29.258,17:18.956,4:29.258,4:35.661,12:39.558,6:19.792,6:23.206,1:32.0, , ,0:00.0, , ,0:27.517,4:29.258,4:35.661,12:30.478,6:52.28,11:17.489,15:19.439, , ,0:00.0
313,4:36.247,4:36.664,17:18.956,4:36.664,4:41.3,12:39.558,1:12.500,1:23.764,1:32.0, , ,0:00.0, , ,0:27.517,4:36.664,4:41.3,12:30.478, , ,15:19.439, , ,0:00.0
314,4:41.283,5:39.661,17:18.956,5:39.661,5:39.969,12:39.558,14:38.728,14:40.467,1:32.0, , ,0:00.0, , ,0:27.517,5:39.661,5:39.969,12:30.478, , ,15:19.439, , ,0:00.0
315,5:40.264,5:49.614,17:18.956,5:49.614,5:59.531,12:39.558,22:23.908,22:27.294,1:32.0, , ,0:00.0, , ,0:27.517,5:49.614,5:59.531,12:30.478, , ,15:19.439, , ,0:00.0
316,5:59.908,6:13.292,17:18.956,6:13.292,6:19.444,12:39.558,4:03.636,4:29.258,1:32.0, , ,0:00.0, , ,0:27.517,6:13.292,6:19.444,12:30.478, , ,15:19.439, , ,0:00.0
317,6:19.792,6:23.206,17:18.956,6:23.206,6:28.511,12:39.558,4:36.247,4:36.664,1:32.0, , ,0:00.0, , ,0:27.517,6:23.206,6:28.511,12:30.478, , ,15:19.439, , ,0:00.0
318,6:32.672,6:49.247,17:18.956,6:29.642,6:32.308,12:39.558,5:40.264,5:49.614,1:32.0, , ,0:00.0, , ,0:27.517,6:29.642,6:32.308,12:30.478, , ,15:19.439, , ,0:00.0
319,6:52.28,11:17.489,17:18.956,6:49.247,6:51.764,12:39.558,22:13.558,22:14.542,1:32.0, , ,0:00.0, , ,0:27.517,6:49.247,6:51.764,12:30.478, , ,15:19.439, , ,0:00.0
320,11:31.614,11:41.578,17:18.956,11:17.489,11:31.403,12:39.558, , ,1:32.0, , ,0:00.0, , ,0:27.517,11:17.489,11:31.403,12:30.478, , ,15:19.439, , ,0:00.0
321,11:47.308,11:51.478,17:18.956,11:41.578,11:46.922,12:39.558, , ,1:32.0, , ,0:00.0, , ,0:27.517,11:41.578,11:46.922,12:30.478, , ,15:19.439, , ,0:00.0
322,12:13.611,12:25.989,17:18.956,11:51.478,12:13.92,12:39.558, , ,1:32.0, , ,0:00.0, , ,0:27.517,11:51.478,12:13.92,12:30.478, , ,15:19.439, , ,0:00.0
323,14:38.728,14:40.467,17:18.956,12:25.989,14:38.356,12:39.558, , ,1:32.0, , ,0:00.0, , ,0:27.517,12:25.989,14:38.356,12:30.478, , ,15:19.439, , ,0:00.0
324,22:13.558,22:14.542,17:18.956,14:40.467,22:12.600,12:39.558, , ,1:32.0, , ,0:00.0, , ,0:27.517,14:40.467,22:12.600,12:30.478, , ,15:19.439, , ,0:00.0
325,22:23.908,22:27.294,17:18.956,22:14.542,22:23.622,12:39.558, , ,1:32.0, , ,0:00.0, , ,0:27.517, , ,12:30.478, , ,15:19.439, , ,0:00.0
326,22:23.908,30:03.794,17:18.956, , ,12:39.558, , ,1:32.0, , ,0:00.0, , ,0:27.517, , ,12:30.478, , ,15:19.439, , ,0:00.0
327,0:00.8,30:05.406,30:05.397, , ,0:00.0, , ,0:00.0, , ,0:00.0, , ,0:00.0, , ,0:00.0,0:00.8,30:05.406,30:05.397, , ,0:00.0
328,0:00.144,6:40.264,28:45.119,6:40.264,6:41.483,1:18.242,22:34.261,22:51.603,21:58.94,6:48.811,6:49.522,1:14.289,6:41.906,6:48.811,6:47.25,22:31.122,22:33.856,0:03.953, , ,0:00.0, , ,0:00.0
329,6:41.906,6:48.811,28:45.119,6:48.811,6:49.522,1:18.242,6:49.836,22:31.122,21:58.94,22:51.603,24:05.181,1:14.289,0:00.144,6:40.264,6:47.25,6:40.264,6:41.483,0:03.953, , ,0:00.0, , ,0:00.0
330,6:49.836,22:31.122,28:45.119,22:31.122,22:33.856,1:18.242,24:05.456,30:04.922,21:58.94, , ,1:14.289, , ,6:47.25, , ,0:03.953, , ,0:00.0, , ,0:00.0
331,22:34.261,22:51.603,28:45.119,22:51.603,24:05.181,1:18.242, , ,21:58.94, , ,1:14.289, , ,6:47.25, , ,0:03.953, , ,0:00.0, , ,0:00.0
332,24:05.456,30:04.922,28:45.119, , ,1:18.242, , ,21:58.94, , ,1:14.289, , ,6:47.25, , ,0:03.953, , ,0:00.0, , ,0:00.0
